# chapter	source_id	exact string that must appear in the filing
# Whitespace is normalised on both sides before matching, so line breaks in the
# original filing do not matter. Matching is case-insensitive.
01	wv-10k405-fy1999	to process product volumes equivalent to approximately 18 supermarkets
01	wv-10k405-fy1999	designed capacity of 8,000 orders per day
01	wv-10k405-fy1999	operating at less than 25% of such designed capacity
01	wv-10k405-fy1999	average order size for the fourth quarter of 1999 was $81.31
01	wv-10k405-fy1999	an average order size of $103.00 per order, we can achieve an operating margin of 12%
01	wv-10k405-fy1999	annual revenue of $300 million at its designed capacity
01	wv-10k405-fy1999	construction of up to 26 additional distribution centers
01	wv-10k405-fy1999	$30.0 million to $35.0 million
01	wv-10k405-fy1999	accumulated deficit of $159.4 million
01	wv-10q-q3-2000	operating at less than 40% of such designed capacity
01	wv-10q-q3-2000	by a minimum of forty percent
01	wv-10q-q3-2000	no obligation under the Bechtel agreement to build any distribution centers
01	wv-10q-q3-2000	no capital commitment under the agreement until Webvan determines to proceed
01	wv-10q-q3-2000	no Webvan facility has become profitable on a cash-flow basis
01	wv-10q-q3-2000	accumulated deficit of $440 million
01	wv-10k-fy2000	accumulated deficit of $612.7 million
01	wv-10k-fy2000	net losses of $453.3 million
01	wv-10k-fy2000	average order size was $104 for the year 2000 and $112 for the fourth quarter of 2000
01	cart-s1-2023	262.6 million orders
01	cart-s1-2023	GTV grew from $24,909 million in 2021 to $28,826 million in 2022
01	cart-s1-2023	net income of $428 million
01	cart-s1-2023	$358 million tax benefit from the release of our valuation allowance
01	wv-10k405-fy1999	estimated to be approximately $1.0 billion
01	wv-10k405-fy1999	we launched our Webstore on June 2, 1999
01	wv-s1-1999	has served as our Chairman and Chief Executive Officer since founding Webvan in December 1996
01	wv-s1-1999	Mr. Borders founded Borders Books in 1971
01	cart-s1-2023	Orders grew from 223.4 million in 2021 to 262.6 million in 2022
# ch02 — Everpix. The company's own published dataset: first-party, contemporaneous,
# frozen the day after the shutdown announcement. Strongest class of source in this book.
02	everpix-readme	Everpix was started in 2011 with the goal of solving the Photo Mess
02	everpix-readme	angel and VC funded with $2.3M raised over its lifetime
02	everpix-readme	a very enthusiastic user base of early adopters combined with strong PR momentum
02	everpix-readme	we had to announce our upcoming shutdown on November 5th, 2013
02	everpix-readme	50,000 signed up users (including 7,000 subscribers) with 400 millions photos imported
02	everpix-readme	generating subscription sales of $40,000 / month during the last 3 months
02	everpix-readme	enough money to cover variable costs, but not the fixed costs of the business
02	everpix-readme	rare and uncensored inside look at the internals of a startup
02	everpix-timeline	Pierre starts working on prototypes of Everpix
02	everpix-timeline	Everpix open for business; 30 day trial subscription model ($40 / year or $4.99 / month)
02	everpix-timeline	Freemium subscription model with Everpix Free ($49 / year or $4.99 / month)
02	everpix-timeline	Raised Bridge Note of $525,000
02	everpix-timeline	Public announcement of upcoming Everpix shutdown
02	everpix-financials	Everpix Subscriptions | 269,974.47
02	everpix-financials	**Total Expenses** | **$2,665,192.34**
02	everpix-financials	**Net Operating Income** | **-$2,384,224.67**
02	everpix-financials	Amazon Web Services | 394,588.35
02	everpix-financials	Public Relations | 109,552.34
# ch02 — the three Google Consumer Surveys, all run 20–21 April 2013. PDFs; verify.sh
# converts them with pdftotext before matching.
02	everpix-survey-pay	Would you pay for a service if it could automatically help you organize, manage and print your life in photos from your entire digital collection?
02	everpix-survey-pay	Weighted by Age, Gender, Region. (1268 responses)
02	everpix-survey-pay	No 72.0% (+2.6
02	everpix-survey-pay	Yes 12.1% (+2.1
02	everpix-survey-pay	Median response time is 7.3 seconds
02	everpix-survey-pay	Conducted by Google Consumer Surveys, April 20, 2013
02	everpix-survey-pay	Sample: National adult Internet population.
02	everpix-survey-better	Do you want a better way to manage and see all of your digital photos than what you have today?
02	everpix-survey-better	Weighted by Age, Gender, Region. (1288 responses)
02	everpix-survey-better	No 67.3% (+2.7
02	everpix-survey-better	Yes 11.9% (+2.1
02	everpix-survey-overwhelming	Do you feel that managing your digital photo collection is overwhelming?
02	everpix-survey-overwhelming	Weighted by Age, Gender, Region. (1248 responses)
02	everpix-survey-overwhelming	No 61.3% (+2.8
02	everpix-survey-overwhelming	Yes 14.8% (+2.3
# ch02 — the paid acquisition test, May/June 2013. Also a PDF.
02	everpix-paid-acq	Spend: $11,500
02	everpix-paid-acq	Test dates: 5/23-6/4 (13 days)
02	everpix-paid-acq	Average cost to acquire a new sign-up: $13.46
02	everpix-paid-acq	ROI is -87% on a 3 year LTV of $147
02	everpix-paid-acq	conversion from sign-up to paid conversion is about 80% lower for paid traffic vs. organic traffic
# ch05 On Dutch ground — quoted from the statutes themselves, not from law-firm commentary.
05	bw7-2026	Een beding waarbij de werkgever verbiedt of beperkt dat de werknemer voor anderen arbeid verricht buiten de tijdstippen waarop de arbeid moet worden verricht bij die werkgever, is nietig, tenzij dit beding kan worden gerechtvaardigd op grond van een objectieve reden.
05	bw7-2026	de arbeidsovereenkomst voor onbepaalde tijd is aangegaan
05	bw7-2026	de werkgever dit beding schriftelijk is overeengekomen met een meerderjarige werknemer
05	bw7-2026	noodzakelijk is vanwege zwaarwegende bedrijfs- of dienstbelangen
05	ww-2026	de dienstbetrekking is beëindigd door of op verzoek van de werknemer zonder dat aan de voortzetting ervan zodanige bezwaren waren verbonden, dat deze voortzetting redelijkerwijs niet van hem kon worden gevergd
# ch05 — Bingo Card Creator, contemporaneous. Founder-published, first-party, dated.
05	km-2009-review	Sales Net of Refunds: $31,156.18
05	km-2009-review	$18,525.71
05	km-2009-review	Approximate wage per hour worked: $125 ~ $150
05	km-5hours-2010	has made it possible to quit my day job at the end of this month
05	km-5hours-2010	the average over the period is (to my best estimate) about 5 hours
05	km-5hours-2010	I leave the office at 7:30 PM on a very good day
05	km-5hours-2010	eventually making perhaps $200 a month
05	km-2010-review	I quit my day job and went full time on my business as of April 1st of this year
05	km-2010-review	Sales Net Of Refunds: $42,589.90
05	km-2010-review	up 33% from $31,855.08
05	km-2010-review	$25,904.66
# ch05 — Gymdesk counter-case. Founder retrospective, weaker class, attributed in prose.
05	galperin-2022	reach enough revenue within the 6 months runway I had built
05	galperin-2022	I was wrong. In reality it took 3 whole years for the business to grow to the point it could provide for me full time
05	galperin-2022	I would only be working 4 days a week
05	galperin-2022	by the end of 2018 we had reached $10k in MRR
05	galperin-2022	working on Gymdesk full time in June 2019
# ch04 — Cydoc. Founder post-mortem, weaker class, attributed as such in the prose.
04	draelos-2026	for seven years (April 2018 to August 2025)
04	draelos-2026	what many consider to be validation milestones: paying customers, patents, and demonstrated clinical impact
04	draelos-2026	I only had my $35,000 annual MD/PhD stipend
04	draelos-2026	raised $265,000 from family, friends, and physicians
04	draelos-2026	over 35 different VC firms, but they were not interested in funding a solo founder without any revenue
04	draelos-2026	We acquired four paying customers
04	draelos-2026	four-figure recurring revenue and five-figure custom development revenue
04	draelos-2026	We were awarded two U.S. patents
04	draelos-2026	saved 11 minutes per visit
04	draelos-2026	ask them to buy it before you build it
04	draelos-2026	most made excuses. This is a red flag
04	draelos-2026	An entire additional year elapsed before I talked to my first real potential customers
# ch04 — Gymdesk counter-case, re-used from ch05 by design (recurring cast).
04	galperin-2022	reach enough revenue within the 6 months runway I had built
04	galperin-2022	I was wrong. In reality it took 3 whole years for the business to grow to the point it could provide for me full time
04	galperin-2022	by the end of 2018 we had reached $10k in MRR
04	draelos-2026	wanted to pay fewer than $100 per month
04	draelos-2026	the hosting and AI costs for our platform had gone up to about $70 per doctor
04	draelos-2026	a single EHR integration costs around $4,000 to $6,000
04	draelos-2026	it would take 11 years per practice just to break even
04	draelos-2026	one customer through a cold call, one through a cold email, one through a very warm intro
04	draelos-2026	and one via a consulting network
